{
	"Default" : {
		"anchorPoint" : {
			"x" : 24,
			"y" : 6
		},
		"size" : {
			"width" : 64,
			"height" : 64
		},
		"animationSpeed" : 1.0,
		"frameInterval" : 0.2,
		"animationTime" : 0.0,
		"frameSize" : {
			"width" : 64,
			"height" : 64
		},
		"frameCount" : 16,
		"texture" : "cannon/cannon_default.tga"
	},
	"Move" : {
		"anchorPoint" : {
			"x" : 24,
			"y" : 6
		},
		"size" : {
			"width" : 64,
			"height" : 64
		},
		"animationSpeed" : 1.0,
		"frameInterval" : 0.1,
		"animationTime" : 0.0,
		"frameSize" : {
			"width" : 64,
			"height" : 64
		},
		"frameCount" : 5,
		"texture" : "cannon/cannon_move.tga"
	},
	"Dead" : {
		"angle" : 0.0,
		"anchorPoint" : {
			"x" : 24,
			"y" : 6
		},
		"size" : {
			"width" : 64,
			"height" : 64
		},
		"animationSpeed" : 1.0,
		"frameInterval" : 0.2,
		"animationTime" : 0.0,
		"frameSize" : {
			"width" : 64,
			"height" : 64
		},
		"frameCount" : 10,
		"texture" : "cannon/cannon_dead.tga"
	}
}